{
  "learningCurve": [
    {
      "episode": 1,
      "trainReturn": 0.19999999999999984
    },
    {
      "episode": 2,
      "trainReturn": -0.4
    }
  ],
  "evalResults": [],
  "finalMetrics": {
    "numEpisodes": 40,
    "avgReturn": -1.5399999999999996,
    "stdReturn": 0.534228415567723,
    "successRate": 0,
    "partialSuccessRate": 0,
    "avgLength": 9.3,
    "hangupRate": 1,
    "escalationRate": 0
  },
  "trainTimeMs": 359804,
  "numEpisodes": 2,
  "learnerState": "{\"config\":{\"epsilon\":0.15,\"learningRate\":0.01,\"initialValue\":0},\"weights\":{\"PROCEED\":[-0.0032927001639314617,0.00006530296479010378,-0.0013647370060431686,0.0005157927578084354,0.001840752609341609,0.0013579080836280373,0.0044058450992791225,-0.0012654433738009056,-0.002321634450121124,0.0046847627732520825,-0.0009744383932534983,0.0016074350186283937,0.004465410991023517,-0.005337809148456832,0.0032414185701748867,-0.00489135335751672,-0.002147597659234788,-0.002311258625185005,0.003134406108159487,-0.0026228822262297927,0.002072490523283337,0.00242861891418699,0.004164318720292475,-0.004814363669162816,0.0015390161110143796,-0.00354884515894773,0.0010015719656460576,-0.0013728898093044006,-0.0009745093762717045,-0.003760395280990647,-0.000949509194831697,-0.004412831705945415,-0.004161175097057389],\"ASK_CLARIFY\":[-0.0037582300059054207,0.004604760191166195,0.0013975826367929956,0.00027461506952815686,-0.004069440127021618,-0.0027511612639404626,-0.0006704315516040116,-0.004966404030060918,-0.000041006724475562976,0.0013473485238985616,0.0032192826965038467,-0.0008243344959643895,-0.0006080212775241112,0.0019383819917412138,0.0005990938034389992,0.0038262294196980797,0.0011995445939971927,0.0031764944553924934,0.0023204349936571987,0.00030635944512584555,-0.004673156491791408,-0.004102625132353576,0.0009914440278681268,0.003614694266899181,0.0023810767806657362,-0.0004931091372110519,0.0012532656616851656,0.0015232222785520478,-0.004369328873164551,-0.0011990882536110782,0.0035297449454853914,-0.0005487754434039438,0.0007550242216433012],\"HANDLE_PUSHBACK\":[-0.006286477628865451,-0.003902335621715769,0.0017904539444952472,-0.0040404073458036385,0.0045784655233744465,0.0011473923110503165,0.003882876449976809,-0.0019001336293064442,-0.00428957612220799,0.0002602611289528545,0.0039153151993618195,-0.0016627714411128892,-0.0020957505933502495,-0.0026384522802805495,-0.005253065275961434,0.002381910523811451,0.0002392273357193009,0.0017931986222323832,-0.005362004289323937,-0.002437914802585753,-0.0013154255809853454,-0.004487448987688493,0.0038420341342995747,0.00042158607046472786,-0.00024038664397481037,0.0009080788255467302,-0.004431279233411871,0.003347245616881973,-0.006784651734625571,0.0032449808141148864,0.002555564825885368,0.0005619878886030061,-0.0023729388648679878],\"IDENTIFY_SELF\":[0.0048452673461095675,0.001983634232450544,-0.002661933859833037,0.0011481850269781412,0.0006508209839937118,-0.003133599599638883,-0.0017554641683522987,-0.004995015277957929,0.003373591329196566,-0.0023138945421985226,0.0019222511521980712,-0.0016588191665008667,-0.003767883799886198,-0.004869073922046443,-0.004591781233271856,0.0019060504787841656,-0.0018882418992864846,-0.0023889914847109073,-0.003946050295970016,0.004865655473604993,-0.001435557914460681,0.0004623633293964354,0.0013382307520429081,-0.00043993771900793235,-0.001571680897662431,-0.002485327833941189,0.004620128394131113,0.0017900081971169658,-0.0000944862767887502,0.002818062302912281,-0.004964819763550443,-0.0020204132584765813,0.0028971124682572475],\"ASK_VERIFICATION\":[0.0045512394600666145,0.0046522985608836945,-0.004814252819139957,-0.003878514843860903,0.0029932639972725106,0.000551999053943244,0.0019210230730197654,-0.004753256769088772,0.0005506065180222453,-0.0020284524357080946,0.0004794923136823881,-0.00022326144337921463,0.004997719572852963,-0.0000783002736124816,-0.0017496552261056775,-0.004431725590120168,0.00028408748557343214,-0.0018400289436136675,0.002018038500280357,0.003915880953193989,-0.0019771586593537193,-0.003152455659271316,0.00013138876040669879,-0.003637671997104095,0.004816836542212905,-0.004121628031941012,-0.0026478340429332502,-0.0013274056263620105,-0.002347347578692336,0.0020490630417845847,0.0018102864632111172,0.0025007973338947954,0.0022179661252678565],\"CONFIRM_IDENTITY\":[-0.0009552560779947039,0.00039403359104102977,0.0035803106589152632,0.0017148135674172373,0.0037807792953000363,-0.0011064193746397311,0.004074464343346323,0.0017916037433247567,0.0022230589272333747,-0.003918113640862153,-0.0015220999981855443,-0.003421707847776614,-0.0032357342714784123,-0.00002851470424490582,0.0032805333288958463,-0.002783143486407469,0.0027066065656410343,0.0033569946762046768,0.0027819631600452467,-0.004163373672975401,0.004900748949309049,-0.003606574582156707,0.004617078319315276,0.0018410603023562878,0.003751029604970171,-0.0036297517627613615,-0.004866383203554128,-0.0006729788599348496,0.0028637073613676407,0.0009096960335987791,0.0009470959069792406,0.0013135357892189714,0.0022939333116865097],\"EMPATHIZE\":[0.0036231850223811704,-0.004440064071216234,-0.0025987017903352848,0.002251868893099369,-0.004412397687149821,-0.000008005158071942021,-0.000033129379594720736,-0.0020102556962776344,-0.002304644031989536,0.002231542694671145,-0.0010483257796814983,0.0011850002518526126,-0.0014470867740675852,-0.0036537946442646587,0.0019653627780312857,0.003997946337312224,0.00011844496709876085,-0.003660330441283062,-0.004277218935256648,-0.0036049114750179244,0.0003698846339466844,-0.00012746711053767122,-0.0015941755335983476,-0.003951605328582038,0.0028611177431607506,-0.003812827106804293,0.0016060382047704813,0.0034271697735859296,0.0042051477219499445,0.0026952147153100838,0.0035380196096108318,0.0017054840445888742,-0.004220835702551474],\"OFFER_PLAN\":[0.0010363127424457552,0.0032072464909019983,0.0014253460470643599,-0.001957747659041047,0.002769537193136469,-0.0024975109552852906,0.004935514463194723,-0.0016514860875707883,0.0004465390767942168,0.0028725970879730214,-0.0008217285197824631,0.0012317600705004583,0.0004281812884542746,-0.0011229883051283786,0.003828102939534021,0.0031131048439706644,0.0039377700300383435,0.001874488786938383,0.0002958364357707854,0.0005150384262881356,0.000051841274819393046,0.00039400982180960785,0.0002769663135408362,0.003966897279047985,-0.0020321879843733215,-0.0023582890046104647,0.001185610880012522,0.0037801406857332423,-0.0017549233895666437,0.002686479780163802,0.0026883098101152126,0.00014672698375885583,-0.004038860793628689],\"COUNTER_OFFER\":[-0.003898873466208672,-0.0007786881306517301,0.0035818262936935597,0.004126124819771495,0.0014742464929558663,-0.00474090064527835,0.003369964907663021,-0.0010139003818713866,-0.0022730064880684387,-0.0013342219679036637,0.0018602367841349388,0.003226605806825009,0.003982954737445159,0.001975343851351421,-0.0013715207040401588,-0.0033081009744916146,0.003913173170858031,0.0011377052327804572,0.003717450677210963,-0.0010245810085359208,0.0022920620453622865,0.003504343064822979,0.0024599848589174677,-0.0018848774910902645,-0.00004531435868598166,-0.004520436240445236,0.0023768327305367398,-0.0022252869997815305,-0.0032499327179206627,-0.0017914054081748644,0.0010548125483554882,0.004125473651799416,0.00036310670824569736],\"REQUEST_CALLBACK\":[-0.0036766752543978876,0.0017995357826664194,0.0002036119009398818,0.003121065966574177,-0.004006234018001455,-0.0005736140544808133,0.0012234508592933958,-0.00012447527226806977,-0.002300405918535777,-0.004732969705470618,0.0014970730505793806,-0.004624402927713154,-0.0007019510782024719,-0.0036825927806100702,0.0013824914994278715,-0.004596275647489776,-0.002070860994033299,-0.0037499578266243596,0.002681270457686449,0.0008347659650727546,-0.0035526087814085595,-0.004857232844724262,0.004000905457769111,-0.0007949047608957627,-0.001552063424333754,0.0033390938052965135,0.00003211504745755267,-0.0031361550366338655,-0.004763040945615273,